Track URI,Track Name,Album Name,Artist Name(s),Release Date,Duration (ms),Popularity,Explicit,Added By,Added At,Genres,Record Label,Danceability,Energy,Key,Loudness,Mode,Speechiness,Acousticness,Instrumentalness,Liveness,Valence,Tempo,Time Signature
spotify:track:2UzMpPKPhbcC8RbsmuURAZ,"Do I Wanna Know?","AM","Arctic Monkeys",2013-09-10,272386,1,false,iarecippo,2019-01-01T22:41:48Z,"indie,garage rock","Sony Music Latin",0.55,0.532,5,-7.591,1,0.032,0.174,0.000347,0.218,0.41,85.032,4
spotify:track:7Jzsc04YpkRwB1zeyM39wE,"R U Mine?","AM","Arctic Monkeys",2013-09-10,201733,1,false,iarecippo,2019-01-01T22:41:48Z,"indie,garage rock","Sony Music Latin",0.509,0.763,11,-5.724,0,0.0302,0.00708,0,0.224,0.635,97.076,4
spotify:track:7Hk6vSplBGJ6zK9GcGgeIa,"One for the Road","AM","Arctic Monkeys",2013-09-10,206040,0,false,iarecippo,2019-01-01T22:41:48Z,"indie,garage rock","Sony Music Latin",0.414,0.664,0,-6.87,1,0.0379,0.24,0.0656,0.288,0.863,183.67,4
spotify:track:0WF700uCpY2mQM5CUKuZ6H,"Arabella","AM","Arctic Monkeys",2013-09-10,207360,0,false,iarecippo,2019-01-01T22:41:48Z,"indie,garage rock","Sony Music Latin",0.707,0.566,2,-6.993,1,0.0501,0.0236,0,0.183,0.489,90.03,4
spotify:track:1bOxsHWMVCf3vAfFMZJvGi,"I Want It All","AM","Arctic Monkeys",2013-09-10,184346,0,false,iarecippo,2019-01-01T22:41:48Z,"indie,garage rock","Sony Music Latin",0.507,0.847,5,-5.591,1,0.0339,0.000824,0.0601,0.067,0.384,131.017,4
spotify:track:3vOZqYkuhE2ASsOctL81a7,"No.1 Party Anthem","AM","Arctic Monkeys",2013-09-10,243066,0,false,iarecippo,2019-01-01T22:41:48Z,"indie,garage rock","Sony Music Latin",0.507,0.694,0,-5.54,1,0.0294,0.301,0.0318,0.0899,0.582,114.952,4
spotify:track:0LpwaDYfgFL34JuGAhr4DF,"Mad Sounds","AM","Arctic Monkeys",2013-09-10,215066,0,false,iarecippo,2019-01-01T22:41:48Z,"indie,garage rock","Sony Music Latin",0.527,0.463,5,-10.785,1,0.0305,0.306,0.16,0.109,0.46,80.035,4
spotify:track:6MFRtRMQWObCVWE4TC1Pbu,"Fireside","AM","Arctic Monkeys",2013-09-10,181026,0,false,iarecippo,2019-01-01T22:41:48Z,"indie,garage rock","Sony Music Latin",0.541,0.952,9,-5.634,0,0.055,0.0194,0.000596,0.123,0.726,99.986,4
spotify:track:4kTd0TND65MUY4BlcmJ2cM,"Why'd You Only Call Me When You're High?","AM","Arctic Monkeys",2013-09-10,161133,0,false,iarecippo,2019-01-01T22:41:48Z,"indie,garage rock","Sony Music Latin",0.698,0.627,2,-6.481,1,0.036,0.0423,0.00000716,0.0834,0.796,91.989,4
spotify:track:63otWg6eWBt3ldXFtDJiXN,"Snap Out of It","AM","Arctic Monkeys",2013-09-10,192880,0,false,iarecippo,2019-01-01T22:41:48Z,"indie,garage rock","Sony Music Latin",0.721,0.627,5,-6.471,0,0.0332,0.194,0,0.112,0.901,130.012,4
spotify:track:0pKrMTlDlW54abYkdBsgxj,"Knee Socks","AM","Arctic Monkeys",2013-09-10,257573,0,false,iarecippo,2019-01-01T22:41:48Z,"indie,garage rock","Sony Music Latin",0.669,0.54,11,-8.322,0,0.0339,0.137,0.00374,0.339,0.549,97.993,4
spotify:track:0ryEyJ994SqdJwGJXyS1SF,"I Wanna Be Yours","AM","Arctic Monkeys",2013-09-10,184026,0,false,iarecippo,2019-01-01T22:41:48Z,"indie,garage rock","Sony Music Latin",0.483,0.42,0,-9.403,0,0.0272,0.124,0.0163,0.107,0.435,135.175,4
spotify:track:4xyNG8vZR3g8FnphVkbjRo,"Love","Lust For Life","Lana Del Rey",2017-07-21,272742,0,false,iarecippo,2019-01-01T22:41:54Z,"","Universal Music Group",0.325,0.377,10,-10.911,1,0.0345,0.492,0.00314,0.111,0.278,98.87,4
spotify:track:4L7Y2OAPiY2I2GndZjAs5K,"Lust For Life (with The Weeknd)","Lust For Life","Lana Del Rey;The Weeknd",2017-07-21,264066,0,false,iarecippo,2019-01-01T22:41:54Z,"","Universal Music Group",0.456,0.672,0,-8.62,0,0.069,0.572,0.00156,0.364,0.271,99.998,4
spotify:track:4mq14Qa6OehdiyZFtHcdCH,"13 Beaches","Lust For Life","Lana Del Rey",2017-07-21,295569,0,false,iarecippo,2019-01-01T22:41:54Z,"","Universal Music Group",0.415,0.402,7,-9.063,1,0.0354,0.556,0.0677,0.198,0.237,144.033,4
spotify:track:6eGMMPRVYzpssGgednRvzU,"Cherry","Lust For Life","Lana Del Rey",2017-07-21,180902,0,true,iarecippo,2019-01-01T22:41:54Z,"","Universal Music Group",0.355,0.541,8,-9.667,0,0.0608,0.0457,0.00516,0.316,0.337,123.524,3
spotify:track:2Pn76oik9rWyoBShTSNY9Q,"White Mustang","Lust For Life","Lana Del Rey",2017-07-21,164710,0,false,iarecippo,2019-01-01T22:41:54Z,"","Universal Music Group",0.652,0.462,6,-8.683,0,0.0487,0.428,0.00226,0.107,0.265,114.932,4
spotify:track:0T8qHE4gQPf8g9KjvjNmDq,"Summer Bummer (feat. A$AP Rocky & Playboi Carti)","Lust For Life","Lana Del Rey;A$AP Rocky;Playboi Carti",2017-07-21,260672,0,true,iarecippo,2019-01-01T22:41:54Z,"rap,rage rap","Universal Music Group",0.746,0.576,1,-8.64,1,0.153,0.0162,0.0000113,0.19,0.124,134.944,4
spotify:track:3tWa5qmAJ2OsHV6KxNZBxc,"Groupie Love (feat. A$AP Rocky)","Lust For Life","Lana Del Rey;A$AP Rocky",2017-07-21,264037,0,true,iarecippo,2019-01-01T22:41:54Z,"rap","Universal Music Group",0.347,0.594,9,-7.33,1,0.0423,0.111,0.00000191,0.11,0.163,175.944,4
spotify:track:7vHmfnKJMWYWzS1H3dC5VF,"In My Feelings","Lust For Life","Lana Del Rey",2017-07-21,238718,0,true,iarecippo,2019-01-01T22:41:54Z,"","Universal Music Group",0.551,0.677,2,-6.347,1,0.0893,0.0589,0.0566,0.112,0.293,89.961,4
spotify:track:3d90ERLBxR3o44o4r9hWTl,"Coachella - Woodstock In My Mind","Lust For Life","Lana Del Rey",2017-07-21,258397,0,false,iarecippo,2019-01-01T22:41:54Z,"","Universal Music Group",0.547,0.654,7,-7.381,1,0.111,0.196,0.0000178,0.0661,0.418,129.873,4
spotify:track:4DDfvmjnibj4NCJEwfz5nU,"When The World Was At War We Kept Dancing","Lust For Life","Lana Del Rey",2017-07-21,275616,0,true,iarecippo,2019-01-01T22:41:54Z,"","Universal Music Group",0.612,0.591,7,-7.227,1,0.034,0.108,0.00836,0.17,0.21,116.008,4
spotify:track:6ny7kbH529rZfHp4UFVDiP,"Beautiful People Beautiful Problems (feat. Stevie Nicks)","Lust For Life","Lana Del Rey;Stevie Nicks",2017-07-21,253531,0,false,iarecippo,2019-01-01T22:41:54Z,"","Universal Music Group",0.45,0.41,5,-8.354,1,0.0321,0.832,0.000242,0.091,0.144,122.913,4
spotify:track:2EBJnP9vf54QE95910Lvrw,"Tomorrow Never Came (feat. Sean Ono Lennon)","Lust For Life","Lana Del Rey;Sean Ono Lennon",2017-07-21,307540,0,false,iarecippo,2019-01-01T22:41:54Z,"","Universal Music Group",0.321,0.413,0,-9.7,1,0.038,0.798,0.000254,0.109,0.159,116.336,3
spotify:track:3qo4XAu1OGB3LaGRYgtbIS,"Heroin","Lust For Life","Lana Del Rey",2017-07-21,355184,0,true,iarecippo,2019-01-01T22:41:54Z,"","Universal Music Group",0.358,0.415,11,-8.616,0,0.0373,0.55,0.00681,0.109,0.102,118.46,4
spotify:track:2XoJLY62n0akvhs1PIYnlO,"Change","Lust For Life","Lana Del Rey",2017-07-21,321200,0,false,iarecippo,2019-01-01T22:41:54Z,"","Universal Music Group",0.547,0.239,9,-10.974,0,0.0378,0.943,0.00857,0.105,0.309,85.688,4
spotify:track:61MoKejsY2k0hVb50zZ4Yn,"Get Free","Lust For Life","Lana Del Rey",2017-07-21,334294,0,false,iarecippo,2019-01-01T22:41:54Z,"","Universal Music Group",0.482,0.473,10,-10.377,1,0.0358,0.515,0.000726,0.0954,0.039,101.785,4
spotify:track:5EeZuhVQdnUkpCiknMTeoP,"Pay the Man","Sacred Hearts Club","Foster The People",2017-07-21,233720,49,false,iarecippo,2019-01-01T22:42:13Z,"","Columbia",0.688,0.769,6,-5.52,0,0.0376,0.00148,0.0000108,0.262,0.505,99.969,4
spotify:track:6APnYxfLzIg2cejA3v2ljy,"Doing It for the Money","Sacred Hearts Club","Foster The People",2017-07-21,226026,50,false,iarecippo,2019-01-01T22:42:13Z,"","Columbia",0.558,0.813,7,-4.669,0,0.0462,0.0036,0.00358,0.179,0.616,154.925,4
spotify:track:4BdGO1CaObRD4La9l5Zanz,"Sit Next to Me","Sacred Hearts Club","Foster The People",2017-07-21,243146,78,false,iarecippo,2019-01-01T22:42:13Z,"","Columbia",0.638,0.738,6,-4.976,0,0.0292,0.117,0.000384,0.689,0.657,97.021,4
spotify:track:1vcAHEXL5Cl9TUk0ESvWnN,"SHC","Sacred Hearts Club","Foster The People",2017-07-21,248106,52,false,iarecippo,2019-01-01T22:42:13Z,"","Columbia",0.5,0.859,6,-4.133,0,0.0506,0.00126,0.00279,0.329,0.269,121.989,4
spotify:track:4bMIRaesSZwIldFWCGs96S,"I Love My Friends","Sacred Hearts Club","Foster The People",2017-07-21,225426,46,false,iarecippo,2019-01-01T22:42:13Z,"","Columbia",0.705,0.887,4,-5.168,0,0.0318,0.0323,0.000578,0.227,0.873,115.97,4
spotify:track:5JqXtvd8bAyyPTjaK6cSDH,"Static Space Lover","Sacred Hearts Club","Foster The People",2017-07-21,240080,53,false,iarecippo,2019-01-01T22:42:13Z,"","Columbia",0.615,0.931,0,-4.648,0,0.0634,0.0039,0.00191,0.303,0.55,141.949,4
spotify:track:6ReKt5x6FVUXTMdWNC6GAQ,"Lotus Eater","Sacred Hearts Club","Foster The People",2017-07-21,182653,58,false,iarecippo,2019-01-01T22:42:13Z,"","Columbia",0.597,0.733,11,-4.727,0,0.11,0.00457,0.00191,0.501,0.866,87.479,4
spotify:track:0RweUCzWNmSfyozSbyKz88,"Time to Get Closer","Sacred Hearts Club","Foster The People",2017-07-21,57906,36,false,iarecippo,2019-01-01T22:42:13Z,"","Columbia",0.258,0.7,7,-4.6,0,0.0366,0.524,0.954,0.145,0.173,170.265,3
spotify:track:05y63nsti7WpAVys68ADwi,"Loyal Like Sid & Nancy","Sacred Hearts Club","Foster The People",2017-07-21,279960,39,false,iarecippo,2019-01-01T22:42:13Z,"","Columbia",0.437,0.718,0,-8.052,1,0.0742,0.000739,0.0529,0.0965,0.241,123.77,4
spotify:track:7mlJpcVvVRzgGwkL3GUgY3,"Harden the Paint","Sacred Hearts Club","Foster The People",2017-07-21,234546,41,false,iarecippo,2019-01-01T22:42:13Z,"","Columbia",0.483,0.721,11,-5.633,0,0.0365,0.000152,0.488,0.0644,0.232,165.917,4
spotify:track:2208Pkqr9zSappQMfKfJKk,"III","Sacred Hearts Club","Foster The People",2017-07-21,249493,38,false,iarecippo,2019-01-01T22:42:13Z,"","Columbia",0.442,0.64,6,-8.622,1,0.0471,0.14,0.000931,0.109,0.16,75.015,4
spotify:track:3CVPyuuD6HxWXgPbbGqbg6,"Are You What You Want to Be?","Supermodel","Foster The People",2014-03-14,270693,59,false,iarecippo,2019-01-01T22:42:20Z,"","Columbia",0.599,0.816,6,-5.002,0,0.0514,0.00702,0.0000028,0.508,0.595,126.02,4
spotify:track:6vtLtrPHZAo5OUy1Sk9BTH,"Ask Yourself","Supermodel","Foster The People",2014-03-14,263520,47,false,iarecippo,2019-01-01T22:42:20Z,"","Columbia",0.47,0.89,2,-4.672,1,0.0456,0.000798,0.0000123,0.196,0.628,154.982,4
spotify:track:1yzbqrSF0vuaO7nuKYSd6f,"Coming of Age","Supermodel","Foster The People",2014-03-14,279973,58,false,iarecippo,2019-01-01T22:42:20Z,"","Columbia",0.534,0.955,7,-4.447,0,0.0524,0.0219,0.00573,0.322,0.425,130.09,4
spotify:track:4PZzEAYfBb26M5Fhm8xbZd,"Nevermind","Supermodel","Foster The People",2014-03-14,317760,50,false,iarecippo,2019-01-01T22:42:20Z,"","Columbia",0.489,0.83,6,-5.068,0,0.0332,0.211,0.000122,0.0962,0.364,84.946,4
spotify:track:6eKEJZFWllRX4UALhPU967,"Pseudologia Fantastica","Supermodel","Foster The People",2014-03-14,331160,47,false,iarecippo,2019-01-01T22:42:20Z,"","Columbia",0.286,0.892,5,-3.767,0,0.0731,0.000561,0.00016,0.157,0.374,172.016,4
spotify:track:5CJymOUq9zSLgGqwh6ToRW,"The Angelic Welcome of Mr. Jones","Supermodel","Foster The People",2014-03-14,33066,34,false,iarecippo,2019-01-01T22:42:20Z,"","Columbia",0.213,0.122,11,-12.952,0,0.0308,0.904,0.516,0.256,0.408,66.576,1
spotify:track:7tvOve5IkjYenvqScZ75iQ,"Best Friend","Supermodel","Foster The People",2014-03-14,267906,58,false,iarecippo,2019-01-01T22:42:20Z,"","Columbia",0.651,0.866,1,-3.831,1,0.0584,0.00933,0,0.113,0.801,113.945,4
spotify:track:0upcwsWXAgtSFAG72Ry9em,"A Beginner's Guide to Destroying the Moon","Supermodel","Foster The People",2014-03-14,279280,53,false,iarecippo,2019-01-01T22:42:20Z,"","Columbia",0.515,0.913,8,-4.345,1,0.0524,0.000257,0.00174,0.284,0.266,119.989,4
spotify:track:5FCVGQR6hEjneW8vPpeCk7,"Goats in Trees","Supermodel","Foster The People",2014-03-14,310106,39,false,iarecippo,2019-01-01T22:42:20Z,"","Columbia",0.568,0.423,2,-11.305,1,0.025,0.67,0.00304,0.268,0.399,79.03,4
spotify:track:78bu4n5qQrykz0OFKVOo48,"The Truth","Supermodel","Foster The People",2014-03-14,269546,42,false,iarecippo,2019-01-01T22:42:20Z,"","Columbia",0.516,0.804,8,-7.524,1,0.0478,0.0103,0.0115,0.0981,0.263,134.998,4
spotify:track:4VbDJMkAX3dWNBdn3KH6Wx,"Helena Beat","Torches","Foster The People",2011-05-23,276173,69,false,iarecippo,2019-01-01T22:42:26Z,"","Columbia",0.67,0.876,5,-4.905,0,0.0536,0.0127,0.00302,0.109,0.736,126.968,4
spotify:track:7w87IxuO7BDcJ3YUqCyMTT,"Pumped Up Kicks","Torches","Foster The People",2011-05-23,239600,90,false,iarecippo,2019-01-01T22:42:26Z,"","Columbia",0.733,0.71,5,-5.849,0,0.0292,0.145,0.115,0.0956,0.965,127.975,4
spotify:track:3u1Er1rkjn1oSz1xdZH3ZD,"Call It What You Want","Torches","Foster The People",2011-05-23,238786,66,false,iarecippo,2019-01-01T22:42:26Z,"","Columbia",0.641,0.967,5,-4.289,0,0.0601,0.0483,0.000276,0.442,0.725,113.017,4
spotify:track:4HRa9ZWcmZ8JD7UySPu0wT,"Don't Stop (Color on the Walls)","Torches","Foster The People",2011-05-23,174920,63,false,iarecippo,2019-01-01T22:42:26Z,"","Columbia",0.611,0.948,1,-3.751,0,0.0753,0.00183,0.0995,0.0969,0.79,133.004,4
spotify:track:2UyWClHKt6fut3IpS2tJiR,"Waste","Torches","Foster The People",2011-05-23,205586,61,false,iarecippo,2019-01-01T22:42:26Z,"","Columbia",0.681,0.736,8,-6.269,1,0.0288,0.0633,0.00000796,0.0596,0.849,125.976,4
spotify:track:5fgb3Md1xjt3mxeBqguiIA,"I Would Do Anything for You","Torches","Foster The People",2011-05-23,214080,63,false,iarecippo,2019-01-01T22:42:26Z,"","Columbia",0.597,0.848,0,-5.841,1,0.0308,0.0372,0.0000233,0.122,0.437,128.009,4
spotify:track:5Fli1xRi01bvCjsZvKWro0,"Houdini","Torches","Foster The People",2011-05-23,202466,70,false,iarecippo,2019-01-01T22:42:26Z,"","Columbia",0.632,0.908,8,-3.511,1,0.0458,0.00762,0.000172,0.167,0.764,110.024,4
spotify:track:2D1uFfnp5ylRPNYbdEa5Kv,"Life on the Nickel","Torches","Foster The People",2011-05-23,215306,49,false,iarecippo,2019-01-01T22:42:26Z,"","Columbia",0.694,0.951,5,-5.4,0,0.0784,0.0523,0.00338,0.293,0.74,120.014,4
spotify:track:2aCsRmHTuWPL7WnL5uSijc,"Miss You","Torches","Foster The People",2011-05-23,212893,50,false,iarecippo,2019-01-01T22:42:26Z,"","Columbia",0.625,0.994,0,-3.951,0,0.184,0.0214,0.0166,0.0954,0.113,120.994,4
spotify:track:0QOwak4SMvE1p2apLbDu8c,"Warrant","Torches","Foster The People",2011-05-23,323066,48,false,iarecippo,2019-01-01T22:42:26Z,"","Columbia",0.626,0.823,0,-5.46,1,0.0547,0.0143,0.00303,0.128,0.297,120.012,4
spotify:track:6ZVH4dUlPjWl91nt2YRpGP,"Wonderful Wonderful","Wonderful Wonderful","The Killers",2017-09-22,310506,0,false,iarecippo,2019-01-01T22:42:33Z,"alternative rock","Universal Music Group",0.472,0.752,8,-6.012,1,0.061,0.0102,0.639,0.108,0.218,140.072,4
spotify:track:1zv2P1cwzIu997ujUYVxZA,"The Man","Wonderful Wonderful","The Killers",2017-09-22,250093,0,false,iarecippo,2019-01-01T22:42:33Z,"alternative rock","Universal Music Group",0.614,0.944,6,-2.545,0,0.104,0.0725,0.00000252,0.0708,0.546,106.014,4
spotify:track:3OaVN6T0JoETdGwKGAbdLB,"Rut","Wonderful Wonderful","The Killers",2017-09-22,264480,0,false,iarecippo,2019-01-01T22:42:33Z,"alternative rock","Universal Music Group",0.629,0.513,1,-6.81,1,0.0316,0.0624,0.00296,0.0984,0.12,116.996,4
spotify:track:150z2vDAwttNyNxEJFve50,"Life To Come","Wonderful Wonderful","The Killers",2017-09-22,271933,0,false,iarecippo,2019-01-01T22:42:33Z,"alternative rock","Universal Music Group",0.47,0.869,0,-3.667,1,0.0633,0.0182,0.0149,0.0688,0.359,107.953,4
spotify:track:77wm0pMH1wLe2VnBcIEU2r,"Run For Cover","Wonderful Wonderful","The Killers",2017-09-22,222146,1,false,iarecippo,2019-01-01T22:42:33Z,"alternative rock","Universal Music Group",0.464,0.955,10,-3.301,1,0.124,0.00148,0.00212,0.355,0.471,165.13,4
spotify:track:3vYJ7Fbjr9LG4DVPgw6Z16,"Tyson vs Douglas","Wonderful Wonderful","The Killers",2017-09-22,273706,0,false,iarecippo,2019-01-01T22:42:33Z,"alternative rock","Universal Music Group",0.492,0.939,2,-3.951,1,0.152,0.00319,0.0757,0.111,0.326,159.974,4
spotify:track:0OSRvCc5iSV3GWsNGRGUNx,"Some Kind Of Love","Wonderful Wonderful","The Killers",2017-09-22,278093,0,false,iarecippo,2019-01-01T22:42:33Z,"alternative rock","Universal Music Group",0.396,0.489,8,-9.915,1,0.0375,0.716,0.282,0.102,0.0758,141.89,4
spotify:track:18fqC6RVObNCmqmN86XI3R,"Out Of My Mind","Wonderful Wonderful","The Killers",2017-09-22,223680,0,false,iarecippo,2019-01-01T22:42:33Z,"alternative rock","Universal Music Group",0.622,0.862,11,-4.24,0,0.0399,0.00212,0.0028,0.0848,0.161,100.042,4
spotify:track:1JJHAxcqOsHFxcY5yNP12M,"The Calling","Wonderful Wonderful","The Killers",2017-09-22,241786,0,false,iarecippo,2019-01-01T22:42:33Z,"alternative rock","Universal Music Group",0.661,0.822,11,-4.776,0,0.27,0.202,0.0000966,0.111,0.643,104.004,4
spotify:track:4hrHu8tevCSfq9aOyUeN9Z,"Have All The Songs Been Written?","Wonderful Wonderful","The Killers",2017-09-22,249946,0,false,iarecippo,2019-01-01T22:42:33Z,"alternative rock","Universal Music Group",0.389,0.545,11,-5.997,1,0.0349,0.743,0.0000166,0.105,0.0667,120.958,4
spotify:track:1a0hEfd1GrXmQO2qC7u93s,"Dois de Fevereiro","Praieiro","Selvagens à Procura de Lei",2016-03-01,202000,0,false,iarecippo,2019-01-01T22:44:30Z,"brazilian rock,new mpb","Tratore",0.671,0.87,10,-8.867,0,0.0362,0.228,0.00705,0.123,0.961,125.004,4
spotify:track:1XgI8C2CrBN08qiSr4v6wy,"Sangue Bom","Praieiro","Selvagens à Procura de Lei",2016-03-01,182093,0,false,iarecippo,2019-01-01T22:44:30Z,"brazilian rock,new mpb","Tratore",0.655,0.925,10,-9.066,0,0.0453,0.00903,0,0.089,0.813,107.975,4
spotify:track:2Izd9iApnw0lkFtHGwhBzy,"Tarde Livre","Praieiro","Selvagens à Procura de Lei",2016-03-01,225720,0,false,iarecippo,2019-01-01T22:44:30Z,"brazilian rock,new mpb","Tratore",0.628,0.623,1,-9.483,0,0.0291,0.405,0,0.112,0.413,98.951,4
spotify:track:2rCoP2gptwdflvp6gLcEeL,"Felina","Praieiro","Selvagens à Procura de Lei",2016-03-01,166426,0,false,iarecippo,2019-01-01T22:44:30Z,"brazilian rock,new mpb","Tratore",0.742,0.577,8,-10.565,0,0.0654,0.39,0.0000045,0.0775,0.962,94.029,4
spotify:track:5KWElE6rfvuOQEz9GJatqO,"O Que Será o Amanhã","Praieiro","Selvagens à Procura de Lei",2016-03-01,179453,0,false,iarecippo,2019-01-01T22:44:30Z,"brazilian rock,new mpb","Tratore",0.57,0.565,6,-9.153,1,0.0347,0.567,0.00000106,0.0582,0.481,145.964,4
spotify:track:69hRtIKLhVrw1sxXkNWUjh,"Lua Branca","Praieiro","Selvagens à Procura de Lei",2016-03-01,185280,0,false,iarecippo,2019-01-01T22:44:30Z,"brazilian rock,new mpb","Tratore",0.658,0.858,5,-8.871,0,0.0599,0.0989,0.00049,0.34,0.846,121.024,4
spotify:track:2qngZBkI0m9rxtq789Ik2M,"Guetos Urbanos","Praieiro","Selvagens à Procura de Lei",2016-03-01,268813,0,false,iarecippo,2019-01-01T22:44:30Z,"brazilian rock,new mpb","Tratore",0.687,0.705,0,-8.629,0,0.0456,0.0402,0.0000296,0.0491,0.869,129.999,4
spotify:track:392TZ0Jwlsp0ox2XmBOEAd,"Bastidores","Praieiro","Selvagens à Procura de Lei",2016-03-01,159560,0,false,iarecippo,2019-01-01T22:44:30Z,"brazilian rock,new mpb","Tratore",0.717,0.916,3,-7.74,1,0.0393,0.22,0,0.119,0.964,129.004,4
spotify:track:1Ugsdu1PuBPQ1LUXZQSN1h,"O Amor É um Rock 2","Praieiro","Selvagens à Procura de Lei",2016-03-01,177266,0,false,iarecippo,2019-01-01T22:44:30Z,"brazilian rock,new mpb","Tratore",0.575,0.944,3,-6.849,0,0.0846,0.161,0,0.128,0.537,144.081,4
spotify:track:5lKauxcsIl6qgUZ47ypYv8,"Projeto de Vida","Praieiro","Selvagens à Procura de Lei",2016-03-01,282426,0,false,iarecippo,2019-01-01T22:44:30Z,"brazilian rock,new mpb","Tratore",0.551,0.544,8,-11.087,0,0.0321,0.431,0,0.0689,0.432,139.992,4
spotify:track:0S0qxDlWdEhCUxOtTCumgU,"Ande","Tijolo por Tijolo","BRAZA",2017-06-02,240706,36,false,iarecippo,2019-01-01T22:44:46Z,"new mpb","Deckdisc",0.683,0.899,7,-8.25,0,0.0489,0.138,0.0000468,0.0821,0.825,160.09,4
spotify:track:7q9dBBZwL9r5RVpbWvDFXf,"Selecta","Tijolo por Tijolo","BRAZA",2017-06-02,233546,37,false,iarecippo,2019-01-01T22:44:46Z,"new mpb","Deckdisc",0.795,0.617,7,-7.957,0,0.0719,0.179,0,0.102,0.885,164.045,4
spotify:track:0smUKPjPRqeFhTEGdghgzi,"Moldado Em Barro","Tijolo por Tijolo","BRAZA",2017-06-02,171466,30,false,iarecippo,2019-01-01T22:44:46Z,"new mpb","Deckdisc",0.793,0.754,7,-9.198,1,0.0449,0.0894,0.000229,0.0944,0.738,121.984,4
spotify:track:6zZ6gni57Y5D72ZejEwUOQ,"Ela Me Chamou Pra Dançar um Ragga","Tijolo por Tijolo","BRAZA",2017-06-02,164026,36,false,iarecippo,2019-01-01T22:44:46Z,"new mpb","Deckdisc",0.74,0.466,5,-10.933,0,0.144,0.0471,0,0.0891,0.377,179.878,4
spotify:track:00s1KHCB0zbWzdQAyzm590,"Tijolo por Tijolo","Tijolo por Tijolo","BRAZA",2017-06-02,214280,27,false,iarecippo,2019-01-01T22:44:46Z,"new mpb","Deckdisc",0.787,0.863,0,-9.082,1,0.0463,0.226,0.00232,0.0704,0.876,89.976,4
spotify:track:4EXXzpyerlrYnZlArx0RBB,"Racha a Canela","Tijolo por Tijolo","BRAZA",2017-06-02,181133,23,false,iarecippo,2019-01-01T22:44:46Z,"new mpb","Deckdisc",0.727,0.712,7,-7.638,1,0.0373,0.0886,0,0.0682,0.664,92.024,4
spotify:track:5QRWjrqWa5iQzfBoKPh6Yl,"Exército Sem Farda","Tijolo por Tijolo","BRAZA;Sister Nancy",2017-06-02,159666,30,false,iarecippo,2019-01-01T22:44:46Z,"new mpb,reggae,ragga,rocksteady","Deckdisc",0.71,0.749,5,-7.581,1,0.0714,0.095,0,0.0933,0.806,168.534,4
spotify:track:0ZYuaNa0M0XVimhr8biOmX,"Qual É o Rosto de Deus?","Tijolo por Tijolo","BRAZA",2017-06-02,217746,43,false,iarecippo,2019-01-01T22:44:46Z,"new mpb","Deckdisc",0.764,0.765,1,-9.795,0,0.0559,0.493,0.00000326,0.0894,0.663,172,4
spotify:track:0xesPUu1IrOcEXTmMYKvuh,"Amigos Libertinos","Aprendendo a Mentir","Selvagens à Procura de Lei",2011-01-07,150910,0,false,iarecippo,2019-01-01T22:45:50Z,"brazilian rock,new mpb","Selvagens à Procura de Lei",0.506,0.782,1,-7.198,1,0.0627,0.0739,0,0.178,0.877,147.856,4
spotify:track:4OpttBv9BXxrcqN1ICjDSU,"Adeus É Tudo Que Eu Preciso Ouvir de Você","Aprendendo a Mentir","Selvagens à Procura de Lei",2011-01-07,182361,0,false,iarecippo,2019-01-01T22:45:50Z,"brazilian rock,new mpb","Selvagens à Procura de Lei",0.525,0.723,10,-6.473,1,0.0324,0.00154,0.0000163,0.177,0.541,115.05,4
spotify:track:7oRQxzZ2Y44tdDpNzrsfWt,"Mucambo Cafundó","Aprendendo a Mentir","Selvagens à Procura de Lei",2011-01-07,222773,0,false,iarecippo,2019-01-01T22:45:50Z,"brazilian rock,new mpb","Selvagens à Procura de Lei",0.502,0.775,10,-7.805,0,0.0324,0.0224,0,0.0664,0.687,153.898,4
spotify:track:3ynd7cOKwOtJesMzehvEwQ,"Casona","Aprendendo a Mentir","Selvagens à Procura de Lei",2011-01-07,200334,0,false,iarecippo,2019-01-01T22:45:50Z,"brazilian rock,new mpb","Selvagens à Procura de Lei",0.522,0.833,10,-8.325,0,0.0307,0.000251,0.0000954,0.163,0.642,136.946,4
spotify:track:1Uqyd4ApcPz8JvbnKdRJRu,"Semana Passada","Aprendendo a Mentir","Selvagens à Procura de Lei",2011-01-07,167001,0,false,iarecippo,2019-01-01T22:45:50Z,"brazilian rock,new mpb","Selvagens à Procura de Lei",0.561,0.74,8,-6.706,1,0.0291,0.0143,0,0.0957,0.766,135.021,4
spotify:track:5LIkXJbj2cjiqI0O5r2RiA,"Jamoga","Aprendendo a Mentir","Selvagens à Procura de Lei",2011-01-07,230113,0,false,iarecippo,2019-01-01T22:45:50Z,"brazilian rock,new mpb","Selvagens à Procura de Lei",0.583,0.783,3,-6.959,0,0.0321,0.047,0,0.119,0.713,118.025,4
spotify:track:32V5o0994p5YcKiAZLv7yM,"Surpresas","Aprendendo a Mentir","Selvagens à Procura de Lei",2011-01-07,178548,0,false,iarecippo,2019-01-01T22:45:50Z,"brazilian rock,new mpb","Selvagens à Procura de Lei",0.456,0.707,8,-6.907,1,0.0276,0.0719,0,0.0907,0.714,147.01,4
spotify:track:2z1uqpjAOx8VUKtsk6CCL3,"Sobre Meninos Elétricos e Mães Solteiras","Aprendendo a Mentir","Selvagens à Procura de Lei",2011-01-07,211984,0,false,iarecippo,2019-01-01T22:45:50Z,"brazilian rock,new mpb","Selvagens à Procura de Lei",0.568,0.723,10,-8.184,1,0.0275,0.00847,0,0.357,0.786,141.877,4
spotify:track:5eoT5ivGbSJYA0n1eUumKv,"Esperando pelo 051","Aprendendo a Mentir","Selvagens à Procura de Lei",2011-01-07,170972,0,false,iarecippo,2019-01-01T22:45:50Z,"brazilian rock,new mpb","Selvagens à Procura de Lei",0.549,0.783,6,-7.896,1,0.0319,0.0499,0.00000253,0.467,0.855,90.145,4
spotify:track:4TYPVNzGXjykqaenpH7SaH,"Doce/Amargo","Aprendendo a Mentir","Selvagens à Procura de Lei",2011-01-07,219952,0,false,iarecippo,2019-01-01T22:45:50Z,"brazilian rock,new mpb","Selvagens à Procura de Lei",0.585,0.774,11,-8.053,1,0.0361,0.0155,0,0.127,0.425,129.995,4
spotify:track:7DqK0m1riidetl7kA6ncZk,"Aprendendo a Mentir","Aprendendo a Mentir","Selvagens à Procura de Lei",2011-01-07,196833,0,false,iarecippo,2019-01-01T22:45:50Z,"brazilian rock,new mpb","Selvagens à Procura de Lei",0.557,0.753,11,-8.2,1,0.0428,0.0128,0.00000371,0.0838,0.556,142.02,4
spotify:track:4G7eMT1wNUYtnqdgvXcnTz,"Romance Na Cidade Grande","Aprendendo a Mentir","Selvagens à Procura de Lei",2011-01-07,210130,0,false,iarecippo,2019-01-01T22:45:50Z,"brazilian rock,new mpb","Selvagens à Procura de Lei",0.396,0.873,1,-7.387,1,0.0447,0.00735,0,0.0924,0.584,186.143,4
spotify:track:38YQEHVBpvxi3PmHnlKDTr,"Mais um Palhaço no Seu Carnaval","Aprendendo a Mentir","Selvagens à Procura de Lei",2011-01-07,258900,0,false,iarecippo,2019-01-01T22:45:50Z,"brazilian rock,new mpb","Selvagens à Procura de Lei",0.661,0.52,6,-9.478,1,0.027,0.0286,0.00135,0.344,0.556,114.096,4
spotify:track:4ulyMmII2sodFnQXeRF6DF,"Emoticons","Glitterbug","The Wombats",2015-01-13,259346,45,false,iarecippo,2019-01-01T22:45:58Z,"indie","14th Floor Records",0.61,0.708,11,-4.3,0,0.0606,0.0095,0.0000314,0.116,0.508,101.003,4
spotify:track:7ayoL7WrBQP3ccJqELQXFK,"Give Me a Try","Glitterbug","The Wombats",2015-01-13,228470,54,false,iarecippo,2019-01-01T22:45:58Z,"indie","14th Floor Records",0.623,0.922,1,-3.013,1,0.0534,0.000815,0,0.069,0.681,135.976,4
spotify:track:7KPLvVaccakFAxIBjntHUe,"Greek Tragedy","Glitterbug","The Wombats",2015-01-13,209557,54,false,iarecippo,2019-01-01T22:45:58Z,"indie","14th Floor Records",0.515,0.869,11,-4.732,1,0.0672,0.00257,0.00000201,0.21,0.452,93.24,4
spotify:track:2T2sYc1gWVAxmHBWUtRzq5,"Be Your Shadow","Glitterbug","The Wombats",2015-01-13,215693,47,false,iarecippo,2019-01-01T22:45:58Z,"indie","14th Floor Records",0.636,0.965,2,-2.897,0,0.064,0.0251,0.00000112,0.146,0.551,125.043,4
spotify:track:7jAxKs5zAnLDwWKozn1wmp,"Headspace","Glitterbug","The Wombats",2015-01-13,234053,36,false,iarecippo,2019-01-01T22:45:58Z,"indie","14th Floor Records",0.592,0.909,0,-4.986,1,0.111,0.0128,0,0.0607,0.329,113.969,4
spotify:track:3tpGBevZrrGFOIb4grLv2i,"This Is Not a Party","Glitterbug","The Wombats",2015-01-13,179146,33,false,iarecippo,2019-01-01T22:45:58Z,"indie","14th Floor Records",0.604,0.873,2,-3.57,1,0.095,0.00437,0,0.0931,0.794,123.043,4
spotify:track:3OA81FQS2U6GUMgJR1kmui,"Isabel","Glitterbug","The Wombats",2015-01-13,209360,31,false,iarecippo,2019-01-01T22:45:58Z,"indie","14th Floor Records",0.5,0.462,2,-8.884,1,0.0972,0.501,0,0.0948,0.356,148.195,4
spotify:track:4ilMVJsbmJjRaxVlc2Tui8,"Your Body Is a Weapon","Glitterbug","The Wombats",2015-01-13,237880,47,false,iarecippo,2019-01-01T22:45:58Z,"indie","14th Floor Records",0.504,0.945,0,-3.409,1,0.0678,0.000602,0,0.174,0.355,104.383,4
spotify:track:2QqfM19xb0tcmf9gOONcW7,"Pink Lemonade","Glitterbug","The Wombats",2015-01-13,226106,44,false,iarecippo,2019-01-01T22:45:58Z,"indie","14th Floor Records",0.56,0.956,0,-4.366,1,0.0776,0.00406,0.00000155,0.358,0.821,143.993,4
spotify:track:3SRIyREeWrLvZfcv8VlYXE,"Curveballs","Glitterbug","The Wombats",2015-01-13,219613,41,false,iarecippo,2019-01-01T22:45:58Z,"indie","14th Floor Records",0.603,0.888,1,-4.068,0,0.0539,0.00579,0.000271,0.124,0.466,111.036,3
spotify:track:6tZlyHyiTWCUBL2OWlKIeb,"Sex and Question Marks","Glitterbug","The Wombats",2015-01-13,138760,34,false,iarecippo,2019-01-01T22:45:58Z,"indie","14th Floor Records",0.577,0.848,2,-5.004,1,0.0492,0.13,0.00000425,0.245,0.901,101.536,4
spotify:track:5Sz4ZJG3p0KydbWAAGE2Ww,"Flowerball","Glitterbug","The Wombats",2015-01-13,227746,33,false,iarecippo,2019-01-01T22:45:58Z,"indie","14th Floor Records",0.514,0.898,11,-3.345,1,0.0513,0.0531,0,0.171,0.722,139.967,4
spotify:track:068LmtzI6xJJDPfPnMje0U,"Let It Happen","Currents","Tame Impala",2015-07-17,467585,1,false,iarecippo,2019-01-01T22:46:05Z,"neo-psychedelic,indie","Universal Music Group",0.602,0.874,1,-5.906,0,0.0428,0.00476,0.0192,0.108,0.612,125.017,4
spotify:track:3YxF6c4qHkRTUsMhFamyuh,"Nangs","Currents","Tame Impala",2015-07-17,107532,0,false,iarecippo,2019-01-01T22:46:05Z,"neo-psychedelic,indie","Universal Music Group",0.523,0.518,0,-9.63,1,0.25,0.211,0.856,0.126,0.461,167.582,4
spotify:track:6GpH4Q5hUKzMvMoO4n5itq,"The Moment","Currents","Tame Impala",2015-07-17,255412,0,false,iarecippo,2019-01-01T22:46:05Z,"neo-psychedelic,indie","Universal Music Group",0.327,0.825,7,-6.045,1,0.0649,0.000257,0.0891,0.0965,0.463,119.138,4
spotify:track:10ZwvQF9EbmXA20sFf9bO3,"Yes I'm Changing","Currents","Tame Impala",2015-07-17,270678,0,true,iarecippo,2019-01-01T22:46:05Z,"neo-psychedelic,indie","Universal Music Group",0.376,0.607,0,-6.966,1,0.0311,0.0935,0.000412,0.0747,0.389,179.935,4
spotify:track:04GyFGGvAyItrPfeV0HNj2,"Eventually","Currents","Tame Impala",2015-07-17,318550,0,false,iarecippo,2019-01-01T22:46:05Z,"neo-psychedelic,indie","Universal Music Group",0.415,0.616,9,-6.217,0,0.0323,0.012,0.000669,0.0981,0.142,77.969,4
spotify:track:4ub5QeA3SEnQfA8k64ValJ,"Gossip","Currents","Tame Impala",2015-07-17,55412,0,false,iarecippo,2019-01-01T22:46:05Z,"neo-psychedelic,indie","Universal Music Group",0.552,0.198,11,-18.155,0,0.0348,0.972,0.956,0.104,0.381,119.439,3
spotify:track:4g3Ax56IslQkI6XVfYKVc5,"The Less I Know The Better","Currents","Tame Impala",2015-07-17,216318,2,true,iarecippo,2019-01-01T22:46:05Z,"neo-psychedelic,indie","Universal Music Group",0.64,0.755,1,-4.077,0,0.0287,0.0138,0.0208,0.12,0.744,116.883,4
spotify:track:1pcELo31UwH8VFi9yhIbAC,"Disciples","Currents","Tame Impala",2015-07-17,108545,0,false,iarecippo,2019-01-01T22:46:05Z,"neo-psychedelic,indie","Universal Music Group",0.671,0.876,5,-5.499,1,0.0344,0.0677,0.604,0.404,0.798,126.995,4
spotify:track:2oVyKK5NH2oawyrDZJn581,"'Cause I'm A Man","Currents","Tame Impala",2015-07-17,241985,0,true,iarecippo,2019-01-01T22:46:05Z,"neo-psychedelic,indie","Universal Music Group",0.537,0.695,9,-5.013,1,0.0371,0.103,0.00315,0.134,0.626,144.674,4
spotify:track:4PFMCTG5u4xNc9B1HPtzI1,"Reality In Motion","Currents","Tame Impala",2015-07-17,252025,0,false,iarecippo,2019-01-01T22:46:05Z,"neo-psychedelic,indie","Universal Music Group",0.531,0.908,2,-4.981,1,0.0576,0.161,0.000647,0.401,0.5,115.058,4
spotify:track:3XO77jGkQwjkdlu6SmU3cw,"Love/Paranoia","Currents","Tame Impala",2015-07-17,185772,0,true,iarecippo,2019-01-01T22:46:05Z,"neo-psychedelic,indie","Universal Music Group",0.495,0.698,5,-5.512,1,0.034,0.00636,0,0.229,0.367,110.985,4
spotify:track:5LraK2D6KZTbSxT7npbbU9,"New Person, Same Old Mistakes","Currents","Tame Impala",2015-07-17,363238,0,false,iarecippo,2019-01-01T22:46:05Z,"neo-psychedelic,indie","Universal Music Group",0.471,0.821,8,-6.747,1,0.049,0.254,0.00306,0.0517,0.523,151.707,4
spotify:track:3I4QOvltiKcMu3xmnQjEct,"Green Light","Melodrama","Lorde",2017-11-10,234652,0,false,iarecippo,2020-01-06T04:36:13Z,"","Universal Music New Zealand Limited",0.594,0.721,2,-7.812,1,0.0957,0.0209,0.00000855,0.0879,0.253,128.942,4
spotify:track:0PXCdhnm9fRgrIgoMcteZa,"Sober","Melodrama","Lorde",2017-11-10,197235,0,true,iarecippo,2020-01-06T04:36:13Z,"","Universal Music New Zealand Limited",0.796,0.467,6,-10.369,1,0.181,0.173,0.00411,0.126,0.516,107.901,4
spotify:track:0zL76omZWytdTtyXKVfuDw,"Homemade Dynamite","Melodrama","Lorde",2017-11-10,189796,0,true,iarecippo,2020-01-06T04:36:13Z,"","Universal Music New Zealand Limited",0.771,0.431,10,-5.423,1,0.0577,0.287,0.00000275,0.0934,0.268,107.047,4
spotify:track:4YBDSEzVNQbvCvVIWNtruF,"The Louvre","Melodrama","Lorde",2017-11-10,271088,0,false,iarecippo,2020-01-06T04:36:13Z,"","Universal Music New Zealand Limited",0.664,0.382,0,-9.977,1,0.047,0.239,0.00763,0.0943,0.126,123.214,4
spotify:track:4iSN72L6xCM7vQZR2I9Suz,"Liability","Melodrama","Lorde",2017-11-10,171727,0,false,iarecippo,2020-01-06T04:36:13Z,"","Universal Music New Zealand Limited",0.587,0.229,10,-11.254,0,0.128,0.92,0,0.1,0.379,75.67,4
spotify:track:3VDX4CCJWbRXBKuW5IY5R9,"Hard Feelings/Loveless","Melodrama","Lorde",2017-11-10,367391,0,true,iarecippo,2020-01-06T04:36:13Z,"","Universal Music New Zealand Limited",0.487,0.445,1,-10.959,0,0.113,0.0328,0.0104,0.0778,0.18,97.031,4
spotify:track:0dtMnnWhm2AXVxjJy5hUPe,"Sober II (Melodrama)","Melodrama","Lorde",2017-11-10,178639,0,true,iarecippo,2020-01-06T04:36:13Z,"","Universal Music New Zealand Limited",0.524,0.312,8,-11.627,0,0.0444,0.166,0.00000479,0.073,0.101,112.948,4
spotify:track:5bMWY1u9ghi4X6fIAsQRaC,"Writer In The Dark","Melodrama","Lorde",2017-11-10,216610,0,false,iarecippo,2020-01-06T04:36:13Z,"","Universal Music New Zealand Limited",0.325,0.271,7,-8.069,1,0.0418,0.73,0,0.301,0.279,71.855,4
spotify:track:6IIcLzR05sN1gk4ngzz7Kk,"Supercut","Melodrama","Lorde",2017-11-10,277506,0,false,iarecippo,2020-01-06T04:36:13Z,"","Universal Music New Zealand Limited",0.562,0.437,0,-10.229,1,0.052,0.219,0.0000218,0.0806,0.15,124.852,4
spotify:track:7kEN6uPEaCTATwQKagVcVE,"Liability (Reprise)","Melodrama","Lorde",2017-11-10,136019,0,true,iarecippo,2020-01-06T04:36:13Z,"","Universal Music New Zealand Limited",0.552,0.277,0,-12.09,1,0.0635,0.904,0,0.107,0.26,77.759,4
spotify:track:1qXjolYMICsnISl8xZAbA2,"Perfect Places","Melodrama","Lorde",2017-11-10,221874,0,true,iarecippo,2020-01-06T04:36:13Z,"","Universal Music New Zealand Limited",0.622,0.58,1,-5.273,0,0.0504,0.00241,0.0000295,0.112,0.512,104.41,4
spotify:track:5u64RlrnvvbtNh6R0EMh6o,"Homemade Dynamite - REMIX","Melodrama","Lorde;Khalid;Post Malone;SZA",2017-11-10,214254,0,true,iarecippo,2020-01-06T04:36:13Z,"r&b","Universal Music New Zealand Limited",0.781,0.548,0,-4.997,0,0.0764,0.229,0,0.127,0.175,106.996,4
spotify:track:6QRFUquy0XdtrkoWLWyjLm,"Jusfayu (feat. No Wyld)","A Gorgeous Fortune EP","KAMAUU;No Wyld",2016-07-01,207615,43,false,iarecippo,2020-08-20T12:31:33Z,"","Atlantic Records",0.846,0.715,11,-5.783,0,0.162,0.0592,0,0.264,0.629,120.016,4
spotify:track:0Q1Q4C9SVCDtn5WrPlH6dx,"FoolMoon","A Gorgeous Fortune EP","KAMAUU",2016-07-01,221918,29,false,iarecippo,2020-08-20T12:31:39Z,"","Atlantic Records",0.788,0.816,5,-6.16,0,0.202,0.171,0,0.378,0.75,119.999,4
spotify:track:3N6FrdQSLTRQPRN8STNwIG,"PohLease","A Gorgeous Fortune EP","KAMAUU",2016-07-01,273558,25,false,iarecippo,2020-08-20T12:31:44Z,"","Atlantic Records",0.441,0.674,3,-6.58,0,0.204,0.0448,0,0.195,0.377,100.039,4
spotify:track:33QRZ83m8m6l7dO8Qx0mvn,"Gaims","A Gorgeous Fortune EP","KAMAUU",2016-07-01,208243,41,false,iarecippo,2020-08-20T12:31:47Z,"","Atlantic Records",0.599,0.704,2,-6.125,1,0.349,0.113,0,0.121,0.716,95.404,4
spotify:track:2o9pBdLosQt6GUvOoxhGbX,"O Amor Existe, Mas Não Querem Que Você Acredite","Selvagens à Procura de Lei","Selvagens à Procura de Lei",2013-01-01,201440,0,false,iarecippo,2020-08-20T12:35:23Z,"brazilian rock,new mpb","Universal Music Group",0.543,0.651,7,-5.107,1,0.0258,0.161,0,0.129,0.259,146.08,4
spotify:track:7HvRryIp1EithA2f63sVzq,"Mucambo Cafundó","Selvagens à Procura de Lei","Selvagens à Procura de Lei",2013-01-01,223520,0,false,iarecippo,2020-08-20T12:35:28Z,"brazilian rock,new mpb","Universal Music Group",0.436,0.954,0,-4.906,0,0.0931,0.0585,0,0.141,0.509,154.094,4
spotify:track:0ql1xqQpSK8Hye5AYBHZ91,"Enquanto Eu Passar Na Sua Rua","Selvagens à Procura de Lei","Selvagens à Procura de Lei",2013-01-01,203986,0,false,iarecippo,2020-08-20T12:35:35Z,"brazilian rock,new mpb","Universal Music Group",0.521,0.767,6,-5.541,1,0.0323,0.14,0.00000348,0.208,0.695,101.969,4
spotify:track:76mZzo1uFeeTZTsycS1NV8,"Crescer Dói","Selvagens à Procura de Lei","Selvagens à Procura de Lei",2013-01-01,174213,0,false,iarecippo,2020-08-20T12:35:40Z,"brazilian rock,new mpb","Universal Music Group",0.322,0.57,0,-9.137,1,0.0336,0.833,0.773,0.0747,0.261,134.243,3
spotify:track:3eWrbXkupl52HuLoGAiHI3,"Mar Fechado","Selvagens à Procura de Lei","Selvagens à Procura de Lei",2013-01-01,205266,0,false,iarecippo,2020-08-20T12:35:44Z,"brazilian rock,new mpb","Universal Music Group",0.29,0.44,8,-7.44,0,0.0315,0.0352,0.0536,0.108,0.214,98.993,4
spotify:track:1GaKVsM99S0x5QLgn7xr9j,"Carrossel Em Câmera Lenta","Selvagens à Procura de Lei","Selvagens à Procura de Lei",2013-01-01,209253,0,false,iarecippo,2020-08-20T12:35:48Z,"brazilian rock,new mpb","Universal Music Group",0.515,0.815,7,-5.715,1,0.0928,0.432,0.00151,0.0844,0.346,130.162,4
spotify:track:1GwGW8vLoqFUJ6Ap7z2m7h,"Sr. Coronel","Selvagens à Procura de Lei","Selvagens à Procura de Lei",2013-01-01,243960,0,false,iarecippo,2020-08-20T12:36:00Z,"brazilian rock,new mpb","Universal Music Group",0.382,0.619,2,-6.646,1,0.0272,0.361,0.0000372,0.209,0.249,102.867,4
spotify:track:22JD7DHsZxHs7J9TQTUSu6,"Despedida","Selvagens à Procura de Lei","Selvagens à Procura de Lei",2013-01-01,266613,0,false,iarecippo,2020-08-20T12:36:05Z,"brazilian rock,new mpb","Universal Music Group",0.352,0.851,6,-6.329,1,0.0984,0.15,0.0000012,0.103,0.436,155.921,4
spotify:track:20etG945Xl4BoXJbulBWGX,"Música De Amor Número Um","Selvagens à Procura de Lei","Selvagens à Procura de Lei",2013-01-01,145786,0,false,iarecippo,2020-08-20T12:36:11Z,"brazilian rock,new mpb","Universal Music Group",0.584,0.731,11,-7.182,0,0.0281,0.198,0.4,0.108,0.854,102.902,4
spotify:track:4hZDBvGYod7LCKzyknm9nz,"Brasileiro","Selvagens à Procura de Lei","Selvagens à Procura de Lei",2013-01-01,161626,0,false,iarecippo,2020-08-20T12:36:15Z,"brazilian rock,new mpb","Universal Music Group",0.406,0.924,8,-5.351,1,0.181,0.1,0.00000151,0.325,0.792,103.764,4
spotify:track:4YGnWRXMKOPgwU3Fj14MQB,"Juventude Solitude","Selvagens à Procura de Lei","Selvagens à Procura de Lei",2013-01-01,192720,0,false,iarecippo,2020-08-20T12:36:19Z,"brazilian rock,new mpb","Universal Music Group",0.456,0.689,5,-5.685,0,0.0392,0.25,0.0000137,0.14,0.327,125.106,4
spotify:track:1eB4O2Q9bpPFApwk6ITt3u,"Massarrara","Selvagens à Procura de Lei","Selvagens à Procura de Lei",2013-01-01,189106,0,false,iarecippo,2020-08-20T12:36:23Z,"brazilian rock,new mpb","Universal Music Group",0.565,0.907,8,-5.849,1,0.142,0.0828,0,0.122,0.67,119.916,4
spotify:track:09Oad698yNhwtPYsePUCK7,"Waiting Around For Grace","Man It Feels Like Space Again","Pond",2015-01-23,309524,0,false,iarecippo,2020-08-21T20:12:48Z,"neo-psychedelic,psychedelic rock","Universal Music Group",0.313,0.872,1,-5.058,0,0.0733,0.000286,0.0000226,0.15,0.396,122.362,4
spotify:track:09QlsjM1ioEsJKMP6gJ583,"Elvis' Flaming Star","Man It Feels Like Space Again","Pond",2015-01-23,205158,0,false,iarecippo,2020-08-21T20:12:48Z,"neo-psychedelic,psychedelic rock","Universal Music Group",0.417,0.881,0,-4.391,1,0.18,0.0175,0.00572,0.103,0.469,175.001,4
spotify:track:47btWGoD6BFitpXYzpi0TY,"Holding Out For You","Man It Feels Like Space Again","Pond",2015-01-23,283394,0,false,iarecippo,2020-08-21T20:12:48Z,"neo-psychedelic,psychedelic rock","Universal Music Group",0.379,0.869,11,-6.06,1,0.0432,0.000437,0.224,0.412,0.496,128.176,4
spotify:track:7JQPb1fwYlGP2inm7iQuJ9,"Zond","Man It Feels Like Space Again","Pond",2015-01-23,244414,0,false,iarecippo,2020-08-21T20:12:48Z,"neo-psychedelic,psychedelic rock","Universal Music Group",0.373,0.963,11,-5.371,0,0.129,0.01,0.649,0.367,0.398,160.114,4
spotify:track:2fQG7UAzqZsr2FMkj7AVOn,"Heroic Shart","Man It Feels Like Space Again","Pond",2015-01-23,244797,0,false,iarecippo,2020-08-21T20:12:48Z,"neo-psychedelic,psychedelic rock","Universal Music Group",0.112,0.566,3,-7.358,1,0.052,0.000255,0.0162,0.317,0.138,152.795,4
spotify:track:5vUaGGxWiJJKNJAgwYSHeM,"Sitting Up On Our Crane","Man It Feels Like Space Again","Pond",2015-01-23,360485,0,false,iarecippo,2020-08-21T20:12:48Z,"neo-psychedelic,psychedelic rock","Universal Music Group",0.427,0.679,2,-5.259,0,0.027,0.00106,0.000502,0.25,0.208,89.976,4
spotify:track:1fy28q3YDlax8m91C2Imoz,"Outside Is The Right Side","Man It Feels Like Space Again","Pond",2015-01-23,309528,0,false,iarecippo,2020-08-21T20:12:48Z,"neo-psychedelic,psychedelic rock","Universal Music Group",0.378,0.943,8,-4.639,0,0.315,0.0129,0.0000651,0.702,0.606,174.929,4
spotify:track:5JgEFM5ETjHET4kAeolwzf,"Medicine Hat","Man It Feels Like Space Again","Pond",2015-01-23,247874,0,false,iarecippo,2020-08-21T20:12:48Z,"neo-psychedelic,psychedelic rock","Universal Music Group",0.457,0.332,7,-5.917,1,0.0335,0.121,0.00000271,0.284,0.415,103.36,3
spotify:track:6gyFuPUQEM8MUlAotxGN8i,"Man It Feels Like Space Again","Man It Feels Like Space Again","Pond",2015-01-23,501840,0,false,iarecippo,2020-08-21T20:12:48Z,"neo-psychedelic,psychedelic rock","Universal Music Group",0.172,0.801,9,-5.254,1,0.0569,0.000226,0.02,0.334,0.168,155.11,4
